User_ID,Facebook,Instagram,LinkedIn,Pinterest,Snapchat,TikTok,Twitter,Age,Generation
U_1,0.0,0.0,0.0,288.0,0.0,0.0,0.0,18,Gen Z
U_10,0.0,0.0,0.0,0.0,428.0,0.0,0.0,21,Gen Z
U_100,0.0,479.0,0.0,0.0,0.0,0.0,0.0,21,Gen Z
U_1000,0.0,0.0,0.0,115.0,0.0,0.0,0.0,27,Millennials
U_101,0.0,0.0,82.0,0.0,0.0,0.0,0.0,37,Millennials
U_102,0.0,0.0,0.0,17.0,0.0,0.0,0.0,39,Millennials
U_103,0.0,0.0,0.0,413.0,0.0,0.0,0.0,54,Gen X
U_104,0.0,0.0,0.0,0.0,0.0,0.0,159.0,41,Gen X
U_105,0.0,0.0,0.0,0.0,0.0,148.0,0.0,24,Gen Z
U_106,0.0,485.0,0.0,0.0,0.0,0.0,0.0,42,Gen X
U_107,0.0,0.0,61.0,0.0,0.0,0.0,0.0,42,Gen X
U_108,0.0,0.0,0.0,325.0,0.0,0.0,0.0,30,Millennials
U_109,0.0,0.0,0.0,0.0,391.0,0.0,0.0,19,Gen Z
U_11,0.0,0.0,0.0,0.0,52.0,0.0,0.0,41,Gen X
U_110,0.0,0.0,0.0,0.0,441.0,0.0,0.0,42,Gen X
U_111,0.0,405.0,0.0,0.0,0.0,0.0,0.0,35,Millennials
U_112,0.0,0.0,175.0,0.0,0.0,0.0,0.0,55,Gen X
U_113,0.0,0.0,0.0,0.0,0.0,419.0,0.0,43,Gen X
U_114,498.0,0.0,0.0,0.0,0.0,0.0,0.0,31,Millennials
U_115,0.0,0.0,457.0,0.0,0.0,0.0,0.0,26,Millennials
U_116,0.0,0.0,0.0,42.0,0.0,0.0,0.0,27,Millennials
U_117,0.0,0.0,0.0,0.0,280.0,0.0,0.0,38,Millennials
U_118,0.0,10.0,0.0,0.0,0.0,0.0,0.0,34,Millennials
U_119,256.0,0.0,0.0,0.0,0.0,0.0,0.0,23,Gen Z
U_12,314.0,0.0,0.0,0.0,0.0,0.0,0.0,33,Millennials
U_120,0.0,0.0,0.0,0.0,41.0,0.0,0.0,18,Gen Z
U_121,0.0,0.0,0.0,0.0,319.0,0.0,0.0,36,Millennials
U_122,0.0,50.0,0.0,0.0,0.0,0.0,0.0,53,Gen X
U_123,0.0,0.0,129.0,0.0,0.0,0.0,0.0,42,Gen X
U_124,0.0,0.0,0.0,0.0,0.0,40.0,0.0,47,Gen X
U_125,0.0,0.0,0.0,0.0,0.0,0.0,436.0,37,Millennials
U_126,0.0,0.0,0.0,275.0,0.0,0.0,0.0,37,Millennials
U_127,464.0,0.0,0.0,0.0,0.0,0.0,0.0,32,Millennials
U_128,0.0,0.0,368.0,0.0,0.0,0.0,0.0,50,Gen X
U_129,20.0,0.0,0.0,0.0,0.0,0.0,0.0,19,Gen Z
U_13,0.0,0.0,26.0,0.0,0.0,0.0,0.0,27,Millennials
U_130,0.0,0.0,0.0,0.0,0.0,0.0,137.0,50,Gen X
U_131,0.0,0.0,0.0,78.0,0.0,0.0,0.0,49,Gen X
U_132,0.0,0.0,0.0,382.0,0.0,0.0,0.0,28,Millennials
U_133,49.0,0.0,0.0,0.0,0.0,0.0,0.0,41,Gen X
U_134,0.0,0.0,0.0,0.0,0.0,0.0,396.0,53,Gen X
U_135,0.0,0.0,0.0,0.0,218.0,0.0,0.0,29,Millennials
U_136,39.0,0.0,0.0,0.0,0.0,0.0,0.0,46,Gen X
U_137,0.0,145.0,0.0,0.0,0.0,0.0,0.0,52,Gen X
U_138,0.0,0.0,0.0,295.0,0.0,0.0,0.0,18,Gen Z
U_139,0.0,277.0,0.0,0.0,0.0,0.0,0.0,18,Gen Z
U_14,0.0,427.0,0.0,0.0,0.0,0.0,0.0,54,Gen X
U_140,0.0,0.0,0.0,0.0,0.0,297.0,0.0,23,Gen Z
U_141,0.0,0.0,0.0,0.0,253.0,0.0,0.0,35,Millennials
U_142,0.0,0.0,0.0,332.0,0.0,0.0,0.0,33,Millennials
U_143,173.0,0.0,0.0,0.0,0.0,0.0,0.0,22,Gen Z
U_144,0.0,0.0,0.0,0.0,0.0,0.0,384.0,49,Gen X
U_145,0.0,481.0,0.0,0.0,0.0,0.0,0.0,19,Gen Z
U_146,0.0,0.0,0.0,0.0,288.0,0.0,0.0,19,Gen Z
U_147,0.0,0.0,0.0,0.0,447.0,0.0,0.0,53,Gen X
U_148,0.0,0.0,231.0,0.0,0.0,0.0,0.0,29,Millennials
U_149,0.0,0.0,0.0,0.0,78.0,0.0,0.0,36,Millennials
U_15,434.0,0.0,0.0,0.0,0.0,0.0,0.0,45,Gen X
U_150,0.0,346.0,0.0,0.0,0.0,0.0,0.0,18,Gen Z
U_151,0.0,0.0,0.0,0.0,0.0,0.0,417.0,32,Millennials
U_152,0.0,0.0,0.0,34.0,0.0,0.0,0.0,53,Gen X
U_153,479.0,0.0,0.0,0.0,0.0,0.0,0.0,30,Millennials
U_154,0.0,0.0,0.0,134.0,0.0,0.0,0.0,38,Millennials
U_155,0.0,0.0,0.0,0.0,0.0,246.0,0.0,29,Millennials
U_156,0.0,0.0,0.0,105.0,0.0,0.0,0.0,22,Gen Z
U_157,0.0,0.0,418.0,0.0,0.0,0.0,0.0,24,Gen Z
U_158,0.0,0.0,296.0,0.0,0.0,0.0,0.0,22,Gen Z
U_159,0.0,0.0,384.0,0.0,0.0,0.0,0.0,21,Gen Z
U_16,0.0,0.0,0.0,0.0,0.0,0.0,494.0,30,Millennials
U_160,0.0,0.0,426.0,0.0,0.0,0.0,0.0,54,Gen X
U_161,0.0,0.0,191.0,0.0,0.0,0.0,0.0,32,Millennials
U_162,369.0,0.0,0.0,0.0,0.0,0.0,0.0,33,Millennials
U_163,0.0,0.0,0.0,0.0,0.0,0.0,389.0,38,Millennials
U_164,0.0,0.0,0.0,0.0,0.0,0.0,489.0,53,Gen X
U_165,0.0,0.0,0.0,371.0,0.0,0.0,0.0,41,Gen X
U_166,0.0,50.0,0.0,0.0,0.0,0.0,0.0,33,Millennials
U_167,492.0,0.0,0.0,0.0,0.0,0.0,0.0,31,Millennials
U_168,0.0,444.0,0.0,0.0,0.0,0.0,0.0,39,Millennials
U_169,0.0,0.0,0.0,0.0,0.0,145.0,0.0,23,Gen Z
U_17,0.0,0.0,0.0,0.0,32.0,0.0,0.0,53,Gen X
U_170,0.0,0.0,0.0,0.0,377.0,0.0,0.0,18,Gen Z
U_171,0.0,0.0,299.0,0.0,0.0,0.0,0.0,49,Gen X
U_172,0.0,0.0,0.0,0.0,0.0,477.0,0.0,23,Gen Z
U_173,0.0,0.0,0.0,0.0,0.0,0.0,493.0,48,Gen X
U_174,0.0,0.0,33.0,0.0,0.0,0.0,0.0,18,Gen Z
U_175,0.0,180.0,0.0,0.0,0.0,0.0,0.0,54,Gen X
U_176,0.0,0.0,0.0,0.0,268.0,0.0,0.0,52,Gen X
U_177,0.0,0.0,220.0,0.0,0.0,0.0,0.0,47,Gen X
U_178,0.0,391.0,0.0,0.0,0.0,0.0,0.0,21,Gen Z
U_179,0.0,90.0,0.0,0.0,0.0,0.0,0.0,52,Gen X
U_18,0.0,0.0,0.0,0.0,104.0,0.0,0.0,31,Millennials
U_180,0.0,0.0,0.0,0.0,0.0,219.0,0.0,39,Millennials
U_181,0.0,161.0,0.0,0.0,0.0,0.0,0.0,27,Millennials
U_182,0.0,0.0,0.0,0.0,0.0,107.0,0.0,18,Gen Z
U_183,0.0,0.0,0.0,0.0,0.0,0.0,370.0,28,Millennials
U_184,0.0,0.0,0.0,0.0,0.0,25.0,0.0,41,Gen X
U_185,0.0,0.0,0.0,0.0,0.0,193.0,0.0,20,Gen Z
U_186,0.0,0.0,0.0,0.0,0.0,413.0,0.0,52,Gen X
U_187,0.0,0.0,0.0,0.0,0.0,425.0,0.0,53,Gen X
U_188,0.0,0.0,0.0,0.0,89.0,0.0,0.0,48,Gen X
U_189,97.0,0.0,0.0,0.0,0.0,0.0,0.0,21,Gen Z
U_19,0.0,0.0,431.0,0.0,0.0,0.0,0.0,36,Millennials
U_190,0.0,0.0,0.0,0.0,0.0,175.0,0.0,53,Gen X
U_191,0.0,0.0,26.0,0.0,0.0,0.0,0.0,38,Millennials
U_192,0.0,0.0,0.0,0.0,0.0,0.0,272.0,35,Millennials
U_193,0.0,0.0,0.0,0.0,0.0,0.0,21.0,45,Gen X
U_194,28.0,0.0,0.0,0.0,0.0,0.0,0.0,32,Millennials
U_195,0.0,0.0,255.0,0.0,0.0,0.0,0.0,19,Gen Z
U_196,0.0,0.0,0.0,0.0,0.0,459.0,0.0,54,Gen X
U_197,0.0,0.0,0.0,0.0,0.0,0.0,80.0,28,Millennials
U_198,230.0,0.0,0.0,0.0,0.0,0.0,0.0,40,Millennials
U_199,0.0,0.0,27.0,0.0,0.0,0.0,0.0,29,Millennials
U_2,192.0,0.0,0.0,0.0,0.0,0.0,0.0,20,Gen Z
U_20,0.0,0.0,0.0,0.0,347.0,0.0,0.0,34,Millennials
U_200,141.0,0.0,0.0,0.0,0.0,0.0,0.0,50,Gen X
U_201,0.0,0.0,0.0,0.0,0.0,0.0,284.0,18,Gen Z
U_202,0.0,0.0,0.0,0.0,0.0,0.0,149.0,37,Millennials
U_203,0.0,0.0,0.0,10.0,0.0,0.0,0.0,31,Millennials
U_204,0.0,0.0,487.0,0.0,0.0,0.0,0.0,48,Gen X
U_205,0.0,0.0,0.0,0.0,0.0,231.0,0.0,42,Gen X
U_206,245.0,0.0,0.0,0.0,0.0,0.0,0.0,20,Gen Z
U_207,0.0,0.0,0.0,58.0,0.0,0.0,0.0,21,Gen Z
U_208,0.0,436.0,0.0,0.0,0.0,0.0,0.0,48,Gen X
U_209,0.0,0.0,23.0,0.0,0.0,0.0,0.0,52,Gen X
U_21,0.0,0.0,52.0,0.0,0.0,0.0,0.0,31,Millennials
U_210,0.0,0.0,0.0,0.0,0.0,250.0,0.0,26,Millennials
U_211,0.0,0.0,0.0,0.0,169.0,0.0,0.0,37,Millennials
U_212,0.0,0.0,0.0,150.0,0.0,0.0,0.0,49,Gen X
U_213,0.0,0.0,210.0,0.0,0.0,0.0,0.0,26,Millennials
U_214,0.0,0.0,213.0,0.0,0.0,0.0,0.0,44,Gen X
U_215,0.0,0.0,0.0,0.0,0.0,0.0,492.0,20,Gen Z
U_216,0.0,0.0,0.0,0.0,0.0,0.0,299.0,21,Gen Z
U_217,0.0,0.0,0.0,0.0,491.0,0.0,0.0,32,Millennials
U_218,0.0,0.0,0.0,0.0,0.0,410.0,0.0,50,Gen X
U_219,0.0,211.0,0.0,0.0,0.0,0.0,0.0,22,Gen Z
U_22,100.0,0.0,0.0,0.0,0.0,0.0,0.0,21,Gen Z
U_220,0.0,0.0,0.0,0.0,0.0,0.0,406.0,29,Millennials
U_221,0.0,0.0,0.0,0.0,418.0,0.0,0.0,40,Millennials
U_222,0.0,0.0,0.0,0.0,0.0,0.0,143.0,31,Millennials
U_223,461.0,0.0,0.0,0.0,0.0,0.0,0.0,29,Millennials
U_224,0.0,0.0,0.0,0.0,0.0,0.0,81.0,34,Millennials
U_225,0.0,0.0,0.0,0.0,0.0,143.0,0.0,42,Gen X
U_226,0.0,296.0,0.0,0.0,0.0,0.0,0.0,47,Gen X
U_227,0.0,222.0,0.0,0.0,0.0,0.0,0.0,39,Millennials
U_228,170.0,0.0,0.0,0.0,0.0,0.0,0.0,43,Gen X
U_229,0.0,29.0,0.0,0.0,0.0,0.0,0.0,34,Millennials
U_23,0.0,0.0,0.0,214.0,0.0,0.0,0.0,37,Millennials
U_230,0.0,0.0,0.0,0.0,0.0,0.0,234.0,51,Gen X
U_231,0.0,0.0,0.0,0.0,201.0,0.0,0.0,50,Gen X
U_232,0.0,403.0,0.0,0.0,0.0,0.0,0.0,54,Gen X
U_233,0.0,132.0,0.0,0.0,0.0,0.0,0.0,24,Gen Z
U_234,0.0,0.0,0.0,0.0,0.0,218.0,0.0,39,Millennials
U_235,0.0,0.0,0.0,0.0,434.0,0.0,0.0,49,Gen X
U_236,0.0,166.0,0.0,0.0,0.0,0.0,0.0,31,Millennials
U_237,0.0,0.0,0.0,0.0,336.0,0.0,0.0,25,Gen Z
U_238,0.0,0.0,0.0,0.0,0.0,0.0,99.0,42,Gen X
U_239,0.0,0.0,155.0,0.0,0.0,0.0,0.0,33,Millennials
U_24,221.0,0.0,0.0,0.0,0.0,0.0,0.0,36,Millennials
U_240,0.0,53.0,0.0,0.0,0.0,0.0,0.0,33,Millennials
U_241,0.0,0.0,0.0,11.0,0.0,0.0,0.0,29,Millennials
U_242,0.0,0.0,0.0,324.0,0.0,0.0,0.0,47,Gen X
U_243,0.0,0.0,0.0,251.0,0.0,0.0,0.0,19,Gen Z
U_244,0.0,0.0,0.0,0.0,0.0,16.0,0.0,49,Gen X
U_245,0.0,0.0,0.0,7.0,0.0,0.0,0.0,42,Gen X
U_246,0.0,0.0,0.0,0.0,0.0,0.0,34.0,42,Gen X
U_247,496.0,0.0,0.0,0.0,0.0,0.0,0.0,21,Gen Z
U_248,0.0,400.0,0.0,0.0,0.0,0.0,0.0,36,Millennials
U_249,0.0,0.0,0.0,403.0,0.0,0.0,0.0,21,Gen Z
U_25,0.0,280.0,0.0,0.0,0.0,0.0,0.0,30,Millennials
U_250,0.0,0.0,266.0,0.0,0.0,0.0,0.0,53,Gen X
U_251,420.0,0.0,0.0,0.0,0.0,0.0,0.0,40,Millennials
U_252,249.0,0.0,0.0,0.0,0.0,0.0,0.0,23,Gen Z
U_253,0.0,0.0,0.0,0.0,0.0,423.0,0.0,41,Gen X
U_254,0.0,0.0,118.0,0.0,0.0,0.0,0.0,50,Gen X
U_255,0.0,388.0,0.0,0.0,0.0,0.0,0.0,29,Millennials
U_256,0.0,0.0,0.0,0.0,0.0,0.0,20.0,38,Millennials
U_257,0.0,0.0,0.0,0.0,0.0,118.0,0.0,28,Millennials
U_258,0.0,0.0,0.0,417.0,0.0,0.0,0.0,55,Gen X
U_259,0.0,0.0,83.0,0.0,0.0,0.0,0.0,46,Gen X
U_26,0.0,0.0,355.0,0.0,0.0,0.0,0.0,20,Gen Z
U_260,0.0,0.0,0.0,0.0,0.0,0.0,470.0,45,Gen X
U_261,0.0,0.0,0.0,0.0,171.0,0.0,0.0,37,Millennials
U_262,0.0,0.0,0.0,0.0,0.0,436.0,0.0,43,Gen X
U_263,0.0,327.0,0.0,0.0,0.0,0.0,0.0,41,Gen X
U_264,0.0,0.0,0.0,0.0,141.0,0.0,0.0,38,Millennials
U_265,0.0,0.0,0.0,290.0,0.0,0.0,0.0,47,Gen X
U_266,0.0,0.0,0.0,69.0,0.0,0.0,0.0,21,Gen Z
U_267,0.0,0.0,0.0,253.0,0.0,0.0,0.0,53,Gen X
U_268,133.0,0.0,0.0,0.0,0.0,0.0,0.0,27,Millennials
U_269,0.0,0.0,0.0,0.0,0.0,0.0,118.0,27,Millennials
U_27,0.0,0.0,0.0,0.0,0.0,0.0,188.0,41,Gen X
U_270,156.0,0.0,0.0,0.0,0.0,0.0,0.0,21,Gen Z
U_271,0.0,0.0,0.0,0.0,14.0,0.0,0.0,44,Gen X
U_272,0.0,0.0,0.0,0.0,0.0,195.0,0.0,21,Gen Z
U_273,345.0,0.0,0.0,0.0,0.0,0.0,0.0,49,Gen X
U_274,0.0,0.0,419.0,0.0,0.0,0.0,0.0,27,Millennials
U_275,0.0,0.0,0.0,0.0,0.0,0.0,126.0,28,Millennials
U_276,0.0,0.0,0.0,0.0,219.0,0.0,0.0,45,Gen X
U_277,0.0,0.0,0.0,105.0,0.0,0.0,0.0,25,Gen Z
U_278,0.0,0.0,0.0,290.0,0.0,0.0,0.0,39,Millennials
U_279,0.0,397.0,0.0,0.0,0.0,0.0,0.0,51,Gen X
U_28,0.0,0.0,0.0,0.0,0.0,77.0,0.0,52,Gen X
U_280,0.0,0.0,300.0,0.0,0.0,0.0,0.0,52,Gen X
U_281,34.0,0.0,0.0,0.0,0.0,0.0,0.0,42,Gen X
U_282,161.0,0.0,0.0,0.0,0.0,0.0,0.0,51,Gen X
U_283,0.0,7.0,0.0,0.0,0.0,0.0,0.0,23,Gen Z
U_284,91.0,0.0,0.0,0.0,0.0,0.0,0.0,54,Gen X
U_285,0.0,0.0,86.0,0.0,0.0,0.0,0.0,18,Gen Z
U_286,0.0,398.0,0.0,0.0,0.0,0.0,0.0,29,Millennials
U_287,0.0,0.0,0.0,0.0,0.0,0.0,342.0,52,Gen X
U_288,0.0,7.0,0.0,0.0,0.0,0.0,0.0,23,Gen Z
U_289,0.0,0.0,0.0,0.0,100.0,0.0,0.0,34,Millennials
U_29,0.0,0.0,0.0,0.0,0.0,0.0,337.0,26,Millennials
U_290,0.0,0.0,0.0,325.0,0.0,0.0,0.0,19,Gen Z
U_291,0.0,0.0,0.0,216.0,0.0,0.0,0.0,35,Millennials
U_292,0.0,0.0,0.0,0.0,0.0,0.0,320.0,53,Gen X
U_293,0.0,0.0,0.0,0.0,264.0,0.0,0.0,45,Gen X
U_294,0.0,0.0,0.0,0.0,0.0,0.0,269.0,54,Gen X
U_295,0.0,0.0,0.0,0.0,0.0,32.0,0.0,43,Gen X
U_296,0.0,0.0,0.0,0.0,452.0,0.0,0.0,21,Gen Z
U_297,0.0,0.0,0.0,0.0,0.0,136.0,0.0,53,Gen X
U_298,0.0,0.0,68.0,0.0,0.0,0.0,0.0,48,Gen X
U_299,0.0,344.0,0.0,0.0,0.0,0.0,0.0,47,Gen X
U_3,0.0,351.0,0.0,0.0,0.0,0.0,0.0,51,Gen X
U_30,0.0,0.0,0.0,0.0,0.0,199.0,0.0,36,Millennials
U_300,0.0,0.0,0.0,0.0,0.0,0.0,437.0,35,Millennials
U_301,0.0,396.0,0.0,0.0,0.0,0.0,0.0,47,Gen X
U_302,0.0,0.0,0.0,0.0,0.0,67.0,0.0,38,Millennials
U_303,0.0,0.0,492.0,0.0,0.0,0.0,0.0,20,Gen Z
U_304,317.0,0.0,0.0,0.0,0.0,0.0,0.0,23,Gen Z
U_305,302.0,0.0,0.0,0.0,0.0,0.0,0.0,55,Gen X
U_306,0.0,387.0,0.0,0.0,0.0,0.0,0.0,30,Millennials
U_307,299.0,0.0,0.0,0.0,0.0,0.0,0.0,20,Gen Z
U_308,0.0,0.0,0.0,0.0,492.0,0.0,0.0,45,Gen X
U_309,0.0,0.0,256.0,0.0,0.0,0.0,0.0,39,Millennials
U_31,0.0,0.0,0.0,0.0,0.0,321.0,0.0,29,Millennials
U_310,0.0,0.0,0.0,0.0,0.0,0.0,248.0,40,Millennials
U_311,0.0,0.0,0.0,0.0,0.0,334.0,0.0,48,Gen X
U_312,0.0,421.0,0.0,0.0,0.0,0.0,0.0,35,Millennials
U_313,296.0,0.0,0.0,0.0,0.0,0.0,0.0,24,Gen Z
U_314,73.0,0.0,0.0,0.0,0.0,0.0,0.0,25,Gen Z
U_315,0.0,0.0,0.0,0.0,0.0,52.0,0.0,36,Millennials
U_316,0.0,0.0,239.0,0.0,0.0,0.0,0.0,46,Gen X
U_317,0.0,0.0,0.0,477.0,0.0,0.0,0.0,37,Millennials
U_318,0.0,359.0,0.0,0.0,0.0,0.0,0.0,47,Gen X
U_319,0.0,0.0,135.0,0.0,0.0,0.0,0.0,39,Millennials
U_32,0.0,0.0,0.0,0.0,0.0,0.0,119.0,27,Millennials
U_320,0.0,0.0,0.0,0.0,0.0,443.0,0.0,43,Gen X
U_321,440.0,0.0,0.0,0.0,0.0,0.0,0.0,50,Gen X
U_322,0.0,336.0,0.0,0.0,0.0,0.0,0.0,45,Gen X
U_323,0.0,0.0,0.0,0.0,0.0,0.0,15.0,27,Millennials
U_324,0.0,0.0,0.0,0.0,0.0,0.0,92.0,46,Gen X
U_325,85.0,0.0,0.0,0.0,0.0,0.0,0.0,35,Millennials
U_326,368.0,0.0,0.0,0.0,0.0,0.0,0.0,18,Gen Z
U_327,0.0,0.0,0.0,0.0,69.0,0.0,0.0,40,Millennials
U_328,415.0,0.0,0.0,0.0,0.0,0.0,0.0,34,Millennials
U_329,0.0,0.0,0.0,0.0,0.0,0.0,167.0,54,Gen X
U_33,0.0,0.0,0.0,0.0,0.0,396.0,0.0,48,Gen X
U_330,298.0,0.0,0.0,0.0,0.0,0.0,0.0,42,Gen X
U_331,0.0,0.0,0.0,0.0,240.0,0.0,0.0,21,Gen Z
U_332,0.0,0.0,0.0,406.0,0.0,0.0,0.0,26,Millennials
U_333,118.0,0.0,0.0,0.0,0.0,0.0,0.0,45,Gen X
U_334,0.0,363.0,0.0,0.0,0.0,0.0,0.0,47,Gen X
U_335,0.0,0.0,274.0,0.0,0.0,0.0,0.0,41,Gen X
U_336,0.0,0.0,0.0,0.0,169.0,0.0,0.0,50,Gen X
U_337,0.0,0.0,335.0,0.0,0.0,0.0,0.0,37,Millennials
U_338,0.0,0.0,0.0,264.0,0.0,0.0,0.0,26,Millennials
U_339,446.0,0.0,0.0,0.0,0.0,0.0,0.0,25,Gen Z
U_34,0.0,0.0,0.0,112.0,0.0,0.0,0.0,41,Gen X
U_340,0.0,0.0,374.0,0.0,0.0,0.0,0.0,31,Millennials
U_341,0.0,58.0,0.0,0.0,0.0,0.0,0.0,35,Millennials
U_342,0.0,95.0,0.0,0.0,0.0,0.0,0.0,18,Gen Z
U_343,0.0,0.0,387.0,0.0,0.0,0.0,0.0,29,Millennials
U_344,0.0,0.0,0.0,0.0,415.0,0.0,0.0,46,Gen X
U_345,0.0,0.0,0.0,0.0,404.0,0.0,0.0,54,Gen X
U_346,0.0,0.0,24.0,0.0,0.0,0.0,0.0,43,Gen X
U_347,0.0,0.0,0.0,166.0,0.0,0.0,0.0,50,Gen X
U_348,0.0,0.0,0.0,0.0,0.0,128.0,0.0,32,Millennials
U_349,0.0,0.0,0.0,0.0,37.0,0.0,0.0,40,Millennials
U_35,0.0,0.0,0.0,0.0,63.0,0.0,0.0,46,Gen X
U_350,212.0,0.0,0.0,0.0,0.0,0.0,0.0,38,Millennials
U_351,0.0,0.0,0.0,0.0,0.0,0.0,295.0,36,Millennials
U_352,0.0,0.0,0.0,0.0,236.0,0.0,0.0,22,Gen Z
U_353,0.0,233.0,0.0,0.0,0.0,0.0,0.0,40,Millennials
U_354,0.0,0.0,0.0,0.0,354.0,0.0,0.0,53,Gen X
U_355,486.0,0.0,0.0,0.0,0.0,0.0,0.0,37,Millennials
U_356,0.0,0.0,0.0,0.0,99.0,0.0,0.0,25,Gen Z
U_357,0.0,0.0,0.0,0.0,0.0,200.0,0.0,26,Millennials
U_358,0.0,0.0,0.0,0.0,0.0,0.0,170.0,31,Millennials
U_359,138.0,0.0,0.0,0.0,0.0,0.0,0.0,23,Gen Z
U_36,0.0,0.0,0.0,0.0,0.0,0.0,108.0,18,Gen Z
U_360,0.0,0.0,0.0,20.0,0.0,0.0,0.0,26,Millennials
U_361,0.0,0.0,0.0,116.0,0.0,0.0,0.0,33,Millennials
U_362,0.0,0.0,0.0,0.0,0.0,0.0,340.0,33,Millennials
U_363,0.0,0.0,0.0,241.0,0.0,0.0,0.0,29,Millennials
U_364,0.0,0.0,0.0,0.0,0.0,0.0,332.0,22,Gen Z
U_365,0.0,0.0,0.0,0.0,295.0,0.0,0.0,46,Gen X
U_366,0.0,0.0,0.0,0.0,0.0,0.0,293.0,44,Gen X
U_367,0.0,0.0,0.0,0.0,0.0,0.0,256.0,28,Millennials
U_368,460.0,0.0,0.0,0.0,0.0,0.0,0.0,45,Gen X
U_369,0.0,416.0,0.0,0.0,0.0,0.0,0.0,53,Gen X
U_37,0.0,0.0,0.0,0.0,0.0,252.0,0.0,36,Millennials
U_370,0.0,0.0,126.0,0.0,0.0,0.0,0.0,52,Gen X
U_371,27.0,0.0,0.0,0.0,0.0,0.0,0.0,48,Gen X
U_372,0.0,0.0,0.0,403.0,0.0,0.0,0.0,36,Millennials
U_373,153.0,0.0,0.0,0.0,0.0,0.0,0.0,41,Gen X
U_374,0.0,231.0,0.0,0.0,0.0,0.0,0.0,19,Gen Z
U_375,0.0,0.0,0.0,0.0,0.0,0.0,440.0,24,Gen Z
U_376,0.0,232.0,0.0,0.0,0.0,0.0,0.0,48,Gen X
U_377,25.0,0.0,0.0,0.0,0.0,0.0,0.0,34,Millennials
U_378,0.0,0.0,0.0,0.0,0.0,0.0,159.0,44,Gen X
U_379,0.0,228.0,0.0,0.0,0.0,0.0,0.0,53,Gen X
U_38,0.0,0.0,233.0,0.0,0.0,0.0,0.0,27,Millennials
U_380,0.0,0.0,0.0,0.0,47.0,0.0,0.0,31,Millennials
U_381,0.0,295.0,0.0,0.0,0.0,0.0,0.0,24,Gen Z
U_382,0.0,0.0,483.0,0.0,0.0,0.0,0.0,26,Millennials
U_383,0.0,0.0,0.0,0.0,0.0,30.0,0.0,31,Millennials
U_384,0.0,0.0,0.0,0.0,0.0,389.0,0.0,25,Gen Z
U_385,0.0,243.0,0.0,0.0,0.0,0.0,0.0,34,Millennials
U_386,0.0,0.0,0.0,500.0,0.0,0.0,0.0,40,Millennials
U_387,0.0,0.0,0.0,0.0,0.0,135.0,0.0,33,Millennials
U_388,0.0,75.0,0.0,0.0,0.0,0.0,0.0,43,Gen X
U_389,0.0,0.0,0.0,0.0,0.0,84.0,0.0,26,Millennials
U_39,0.0,0.0,0.0,180.0,0.0,0.0,0.0,53,Gen X
U_390,0.0,0.0,0.0,0.0,0.0,364.0,0.0,24,Gen Z
U_391,0.0,0.0,72.0,0.0,0.0,0.0,0.0,35,Millennials
U_392,0.0,0.0,0.0,282.0,0.0,0.0,0.0,25,Gen Z
U_393,0.0,0.0,0.0,391.0,0.0,0.0,0.0,38,Millennials
U_394,0.0,0.0,46.0,0.0,0.0,0.0,0.0,43,Gen X
U_395,0.0,0.0,193.0,0.0,0.0,0.0,0.0,20,Gen Z
U_396,0.0,0.0,0.0,0.0,0.0,479.0,0.0,34,Millennials
U_397,0.0,0.0,248.0,0.0,0.0,0.0,0.0,41,Gen X
U_398,0.0,303.0,0.0,0.0,0.0,0.0,0.0,42,Gen X
U_399,438.0,0.0,0.0,0.0,0.0,0.0,0.0,22,Gen Z
U_4,0.0,0.0,0.0,0.0,0.0,21.0,0.0,54,Gen X
U_40,0.0,0.0,0.0,0.0,0.0,0.0,289.0,41,Gen X
U_400,0.0,0.0,0.0,76.0,0.0,0.0,0.0,48,Gen X
U_401,0.0,0.0,0.0,0.0,0.0,189.0,0.0,43,Gen X
U_402,0.0,0.0,0.0,0.0,0.0,197.0,0.0,38,Millennials
U_403,0.0,0.0,0.0,0.0,223.0,0.0,0.0,51,Gen X
U_404,0.0,0.0,0.0,76.0,0.0,0.0,0.0,55,Gen X
U_405,0.0,0.0,198.0,0.0,0.0,0.0,0.0,41,Gen X
U_406,0.0,0.0,0.0,431.0,0.0,0.0,0.0,45,Gen X
U_407,0.0,0.0,201.0,0.0,0.0,0.0,0.0,47,Gen X
U_408,0.0,361.0,0.0,0.0,0.0,0.0,0.0,51,Gen X
U_409,0.0,0.0,0.0,88.0,0.0,0.0,0.0,40,Millennials
U_41,75.0,0.0,0.0,0.0,0.0,0.0,0.0,25,Gen Z
U_410,0.0,0.0,0.0,0.0,0.0,0.0,237.0,27,Millennials
U_411,0.0,0.0,0.0,0.0,48.0,0.0,0.0,18,Gen Z
U_412,0.0,0.0,0.0,0.0,0.0,403.0,0.0,37,Millennials
U_413,127.0,0.0,0.0,0.0,0.0,0.0,0.0,54,Gen X
U_414,0.0,0.0,0.0,0.0,0.0,177.0,0.0,35,Millennials
U_415,0.0,0.0,0.0,0.0,0.0,0.0,305.0,38,Millennials
U_416,0.0,0.0,0.0,0.0,176.0,0.0,0.0,21,Gen Z
U_417,0.0,0.0,84.0,0.0,0.0,0.0,0.0,19,Gen Z
U_418,0.0,0.0,0.0,0.0,401.0,0.0,0.0,38,Millennials
U_419,0.0,0.0,0.0,0.0,0.0,351.0,0.0,54,Gen X
U_42,0.0,0.0,0.0,0.0,0.0,0.0,51.0,22,Gen Z
U_420,0.0,0.0,0.0,0.0,0.0,298.0,0.0,34,Millennials
U_421,0.0,0.0,0.0,254.0,0.0,0.0,0.0,28,Millennials
U_422,0.0,0.0,108.0,0.0,0.0,0.0,0.0,48,Gen X
U_423,0.0,0.0,210.0,0.0,0.0,0.0,0.0,45,Gen X
U_424,0.0,0.0,201.0,0.0,0.0,0.0,0.0,49,Gen X
U_425,0.0,0.0,0.0,0.0,0.0,0.0,307.0,38,Millennials
U_426,0.0,0.0,0.0,0.0,315.0,0.0,0.0,24,Gen Z
U_427,0.0,0.0,0.0,0.0,0.0,17.0,0.0,27,Millennials
U_428,0.0,0.0,0.0,380.0,0.0,0.0,0.0,45,Gen X
U_429,0.0,0.0,0.0,0.0,0.0,0.0,277.0,53,Gen X
U_43,187.0,0.0,0.0,0.0,0.0,0.0,0.0,37,Millennials
U_430,0.0,0.0,0.0,0.0,184.0,0.0,0.0,30,Millennials
U_431,0.0,0.0,0.0,0.0,0.0,483.0,0.0,36,Millennials
U_432,0.0,0.0,0.0,0.0,0.0,356.0,0.0,28,Millennials
U_433,0.0,0.0,0.0,0.0,0.0,0.0,276.0,52,Gen X
U_434,0.0,0.0,0.0,0.0,29.0,0.0,0.0,51,Gen X
U_435,0.0,0.0,214.0,0.0,0.0,0.0,0.0,21,Gen Z
U_436,0.0,487.0,0.0,0.0,0.0,0.0,0.0,30,Millennials
U_437,0.0,94.0,0.0,0.0,0.0,0.0,0.0,54,Gen X
U_438,0.0,0.0,0.0,0.0,0.0,0.0,17.0,19,Gen Z
U_439,0.0,0.0,0.0,0.0,0.0,85.0,0.0,18,Gen Z
U_44,0.0,0.0,215.0,0.0,0.0,0.0,0.0,42,Gen X
U_440,0.0,0.0,0.0,0.0,0.0,0.0,327.0,54,Gen X
U_441,0.0,0.0,0.0,0.0,77.0,0.0,0.0,53,Gen X
U_442,0.0,491.0,0.0,0.0,0.0,0.0,0.0,23,Gen Z
U_443,0.0,0.0,0.0,0.0,0.0,0.0,287.0,24,Gen Z
U_444,0.0,0.0,0.0,0.0,426.0,0.0,0.0,21,Gen Z
U_445,0.0,0.0,0.0,254.0,0.0,0.0,0.0,52,Gen X
U_446,0.0,0.0,0.0,0.0,0.0,0.0,461.0,51,Gen X
U_447,0.0,0.0,0.0,0.0,88.0,0.0,0.0,46,Gen X
U_448,400.0,0.0,0.0,0.0,0.0,0.0,0.0,22,Gen Z
U_449,0.0,470.0,0.0,0.0,0.0,0.0,0.0,44,Gen X
U_45,202.0,0.0,0.0,0.0,0.0,0.0,0.0,50,Gen X
U_450,0.0,0.0,0.0,0.0,0.0,246.0,0.0,27,Millennials
U_451,72.0,0.0,0.0,0.0,0.0,0.0,0.0,23,Gen Z
U_452,0.0,0.0,0.0,0.0,16.0,0.0,0.0,51,Gen X
U_453,0.0,0.0,0.0,0.0,456.0,0.0,0.0,25,Gen Z
U_454,0.0,0.0,0.0,42.0,0.0,0.0,0.0,48,Gen X
U_455,0.0,0.0,0.0,0.0,0.0,0.0,463.0,26,Millennials
U_456,0.0,0.0,0.0,225.0,0.0,0.0,0.0,38,Millennials
U_457,362.0,0.0,0.0,0.0,0.0,0.0,0.0,25,Gen Z
U_458,0.0,0.0,0.0,0.0,0.0,284.0,0.0,21,Gen Z
U_459,0.0,133.0,0.0,0.0,0.0,0.0,0.0,39,Millennials
U_46,0.0,0.0,0.0,206.0,0.0,0.0,0.0,45,Gen X
U_460,0.0,0.0,68.0,0.0,0.0,0.0,0.0,21,Gen Z
U_461,0.0,0.0,0.0,0.0,0.0,270.0,0.0,38,Millennials
U_462,0.0,0.0,0.0,0.0,476.0,0.0,0.0,25,Gen Z
U_463,0.0,0.0,0.0,0.0,0.0,333.0,0.0,37,Millennials
U_464,0.0,0.0,0.0,0.0,0.0,0.0,484.0,49,Gen X
U_465,0.0,0.0,0.0,0.0,0.0,0.0,298.0,18,Gen Z
U_466,0.0,0.0,0.0,0.0,0.0,81.0,0.0,23,Gen Z
U_467,0.0,0.0,395.0,0.0,0.0,0.0,0.0,45,Gen X
U_468,0.0,0.0,0.0,0.0,275.0,0.0,0.0,48,Gen X
U_469,0.0,0.0,0.0,0.0,435.0,0.0,0.0,27,Millennials
U_47,0.0,0.0,0.0,295.0,0.0,0.0,0.0,37,Millennials
U_470,216.0,0.0,0.0,0.0,0.0,0.0,0.0,25,Gen Z
U_471,0.0,0.0,0.0,0.0,22.0,0.0,0.0,39,Millennials
U_472,448.0,0.0,0.0,0.0,0.0,0.0,0.0,55,Gen X
U_473,0.0,0.0,0.0,458.0,0.0,0.0,0.0,46,Gen X
U_474,0.0,0.0,0.0,222.0,0.0,0.0,0.0,26,Millennials
U_475,0.0,80.0,0.0,0.0,0.0,0.0,0.0,18,Gen Z
U_476,0.0,0.0,0.0,0.0,437.0,0.0,0.0,43,Gen X
U_477,0.0,0.0,0.0,0.0,0.0,0.0,469.0,28,Millennials
U_478,0.0,0.0,239.0,0.0,0.0,0.0,0.0,52,Gen X
U_479,477.0,0.0,0.0,0.0,0.0,0.0,0.0,41,Gen X
U_48,0.0,0.0,0.0,43.0,0.0,0.0,0.0,50,Gen X
U_480,0.0,0.0,342.0,0.0,0.0,0.0,0.0,37,Millennials
U_481,0.0,0.0,0.0,0.0,124.0,0.0,0.0,44,Gen X
U_482,0.0,0.0,80.0,0.0,0.0,0.0,0.0,32,Millennials
U_483,0.0,265.0,0.0,0.0,0.0,0.0,0.0,50,Gen X
U_484,0.0,0.0,0.0,0.0,0.0,0.0,325.0,24,Gen Z
U_485,0.0,0.0,0.0,0.0,0.0,149.0,0.0,51,Gen X
U_486,0.0,0.0,0.0,489.0,0.0,0.0,0.0,22,Gen Z
U_487,0.0,0.0,0.0,0.0,274.0,0.0,0.0,47,Gen X
U_488,30.0,0.0,0.0,0.0,0.0,0.0,0.0,45,Gen X
U_489,0.0,0.0,0.0,0.0,284.0,0.0,0.0,35,Millennials
U_49,0.0,0.0,5.0,0.0,0.0,0.0,0.0,53,Gen X
U_490,0.0,0.0,0.0,0.0,337.0,0.0,0.0,20,Gen Z
U_491,0.0,0.0,0.0,0.0,0.0,366.0,0.0,38,Millennials
U_492,0.0,353.0,0.0,0.0,0.0,0.0,0.0,33,Millennials
U_493,0.0,0.0,495.0,0.0,0.0,0.0,0.0,54,Gen X
U_494,0.0,0.0,0.0,0.0,0.0,388.0,0.0,22,Gen Z
U_495,0.0,0.0,0.0,0.0,468.0,0.0,0.0,31,Millennials
U_496,0.0,130.0,0.0,0.0,0.0,0.0,0.0,48,Gen X
U_497,0.0,0.0,0.0,0.0,0.0,84.0,0.0,41,Gen X
U_498,0.0,0.0,0.0,0.0,322.0,0.0,0.0,52,Gen X
U_499,0.0,0.0,0.0,0.0,0.0,194.0,0.0,53,Gen X
U_5,0.0,0.0,241.0,0.0,0.0,0.0,0.0,27,Millennials
U_50,0.0,0.0,167.0,0.0,0.0,0.0,0.0,44,Gen X
U_500,0.0,0.0,384.0,0.0,0.0,0.0,0.0,44,Gen X
U_501,0.0,0.0,0.0,292.0,0.0,0.0,0.0,40,Millennials
U_502,0.0,0.0,0.0,0.0,0.0,243.0,0.0,30,Millennials
U_503,0.0,0.0,0.0,0.0,0.0,130.0,0.0,33,Millennials
U_504,10.0,0.0,0.0,0.0,0.0,0.0,0.0,52,Gen X
U_505,0.0,0.0,0.0,0.0,309.0,0.0,0.0,44,Gen X
U_506,438.0,0.0,0.0,0.0,0.0,0.0,0.0,34,Millennials
U_507,0.0,0.0,0.0,0.0,0.0,206.0,0.0,18,Gen Z
U_508,0.0,0.0,0.0,0.0,113.0,0.0,0.0,28,Millennials
U_509,0.0,0.0,0.0,324.0,0.0,0.0,0.0,29,Millennials
U_51,78.0,0.0,0.0,0.0,0.0,0.0,0.0,31,Millennials
U_510,0.0,0.0,0.0,301.0,0.0,0.0,0.0,25,Gen Z
U_511,0.0,0.0,367.0,0.0,0.0,0.0,0.0,48,Gen X
U_512,0.0,0.0,0.0,0.0,283.0,0.0,0.0,24,Gen Z
U_513,0.0,0.0,0.0,61.0,0.0,0.0,0.0,48,Gen X
U_514,0.0,0.0,0.0,0.0,156.0,0.0,0.0,33,Millennials
U_515,0.0,0.0,0.0,213.0,0.0,0.0,0.0,36,Millennials
U_516,0.0,237.0,0.0,0.0,0.0,0.0,0.0,25,Gen Z
U_517,0.0,0.0,0.0,0.0,0.0,0.0,408.0,46,Gen X
U_518,0.0,0.0,419.0,0.0,0.0,0.0,0.0,19,Gen Z
U_519,96.0,0.0,0.0,0.0,0.0,0.0,0.0,20,Gen Z
U_52,0.0,0.0,0.0,319.0,0.0,0.0,0.0,46,Gen X
U_520,0.0,0.0,0.0,0.0,0.0,0.0,98.0,32,Millennials
U_521,0.0,0.0,0.0,0.0,0.0,0.0,48.0,55,Gen X
U_522,0.0,0.0,0.0,185.0,0.0,0.0,0.0,45,Gen X
U_523,0.0,0.0,0.0,0.0,20.0,0.0,0.0,54,Gen X
U_524,0.0,0.0,260.0,0.0,0.0,0.0,0.0,49,Gen X
U_525,292.0,0.0,0.0,0.0,0.0,0.0,0.0,47,Gen X
U_526,0.0,0.0,246.0,0.0,0.0,0.0,0.0,47,Gen X
U_527,0.0,0.0,0.0,0.0,365.0,0.0,0.0,51,Gen X
U_528,0.0,0.0,0.0,0.0,0.0,242.0,0.0,30,Millennials
U_529,0.0,0.0,205.0,0.0,0.0,0.0,0.0,50,Gen X
U_53,0.0,0.0,0.0,172.0,0.0,0.0,0.0,34,Millennials
U_530,0.0,0.0,0.0,0.0,454.0,0.0,0.0,20,Gen Z
U_531,0.0,0.0,0.0,0.0,47.0,0.0,0.0,26,Millennials
U_532,0.0,0.0,294.0,0.0,0.0,0.0,0.0,28,Millennials
U_533,0.0,0.0,0.0,0.0,0.0,350.0,0.0,44,Gen X
U_534,106.0,0.0,0.0,0.0,0.0,0.0,0.0,45,Gen X
U_535,0.0,89.0,0.0,0.0,0.0,0.0,0.0,19,Gen Z
U_536,0.0,259.0,0.0,0.0,0.0,0.0,0.0,18,Gen Z
U_537,0.0,435.0,0.0,0.0,0.0,0.0,0.0,23,Gen Z
U_538,0.0,0.0,211.0,0.0,0.0,0.0,0.0,42,Gen X
U_539,0.0,0.0,0.0,0.0,423.0,0.0,0.0,52,Gen X
U_54,0.0,0.0,0.0,0.0,485.0,0.0,0.0,33,Millennials
U_540,0.0,0.0,0.0,424.0,0.0,0.0,0.0,21,Gen Z
U_541,0.0,0.0,0.0,76.0,0.0,0.0,0.0,55,Gen X
U_542,0.0,0.0,489.0,0.0,0.0,0.0,0.0,37,Millennials
U_543,0.0,0.0,0.0,0.0,328.0,0.0,0.0,42,Gen X
U_544,0.0,0.0,0.0,294.0,0.0,0.0,0.0,24,Gen Z
U_545,0.0,0.0,238.0,0.0,0.0,0.0,0.0,38,Millennials
U_546,0.0,0.0,269.0,0.0,0.0,0.0,0.0,24,Gen Z
U_547,0.0,0.0,0.0,79.0,0.0,0.0,0.0,46,Gen X
U_548,0.0,0.0,0.0,0.0,0.0,129.0,0.0,24,Gen Z
U_549,0.0,0.0,0.0,0.0,201.0,0.0,0.0,20,Gen Z
U_55,0.0,0.0,0.0,0.0,402.0,0.0,0.0,46,Gen X
U_550,127.0,0.0,0.0,0.0,0.0,0.0,0.0,46,Gen X
U_551,0.0,0.0,0.0,0.0,0.0,115.0,0.0,55,Gen X
U_552,0.0,0.0,0.0,25.0,0.0,0.0,0.0,23,Gen Z
U_553,8.0,0.0,0.0,0.0,0.0,0.0,0.0,27,Millennials
U_554,0.0,227.0,0.0,0.0,0.0,0.0,0.0,54,Gen X
U_555,0.0,0.0,0.0,0.0,0.0,378.0,0.0,31,Millennials
U_556,0.0,0.0,91.0,0.0,0.0,0.0,0.0,39,Millennials
U_557,0.0,0.0,0.0,0.0,0.0,194.0,0.0,49,Gen X
U_558,0.0,0.0,0.0,435.0,0.0,0.0,0.0,35,Millennials
U_559,0.0,0.0,0.0,169.0,0.0,0.0,0.0,53,Gen X
U_56,0.0,0.0,0.0,0.0,0.0,0.0,215.0,26,Millennials
U_560,0.0,0.0,0.0,0.0,0.0,0.0,467.0,43,Gen X
U_561,0.0,0.0,263.0,0.0,0.0,0.0,0.0,39,Millennials
U_562,0.0,40.0,0.0,0.0,0.0,0.0,0.0,55,Gen X
U_563,0.0,0.0,0.0,0.0,310.0,0.0,0.0,40,Millennials
U_564,0.0,0.0,0.0,174.0,0.0,0.0,0.0,34,Millennials
U_565,0.0,0.0,0.0,0.0,0.0,0.0,388.0,43,Gen X
U_566,0.0,93.0,0.0,0.0,0.0,0.0,0.0,55,Gen X
U_567,0.0,0.0,0.0,322.0,0.0,0.0,0.0,19,Gen Z
U_568,401.0,0.0,0.0,0.0,0.0,0.0,0.0,23,Gen Z
U_569,189.0,0.0,0.0,0.0,0.0,0.0,0.0,24,Gen Z
U_57,104.0,0.0,0.0,0.0,0.0,0.0,0.0,30,Millennials
U_570,0.0,0.0,130.0,0.0,0.0,0.0,0.0,44,Gen X
U_571,287.0,0.0,0.0,0.0,0.0,0.0,0.0,28,Millennials
U_572,0.0,0.0,0.0,0.0,21.0,0.0,0.0,32,Millennials
U_573,0.0,0.0,0.0,444.0,0.0,0.0,0.0,26,Millennials
U_574,0.0,0.0,261.0,0.0,0.0,0.0,0.0,25,Gen Z
U_575,0.0,0.0,0.0,0.0,36.0,0.0,0.0,23,Gen Z
U_576,0.0,0.0,46.0,0.0,0.0,0.0,0.0,21,Gen Z
U_577,0.0,0.0,0.0,212.0,0.0,0.0,0.0,28,Millennials
U_578,242.0,0.0,0.0,0.0,0.0,0.0,0.0,45,Gen X
U_579,0.0,0.0,0.0,0.0,0.0,236.0,0.0,43,Gen X
U_58,0.0,0.0,363.0,0.0,0.0,0.0,0.0,21,Gen Z
U_580,0.0,0.0,0.0,0.0,297.0,0.0,0.0,32,Millennials
U_581,408.0,0.0,0.0,0.0,0.0,0.0,0.0,36,Millennials
U_582,0.0,0.0,0.0,402.0,0.0,0.0,0.0,23,Gen Z
U_583,0.0,0.0,0.0,0.0,0.0,455.0,0.0,22,Gen Z
U_584,0.0,0.0,0.0,0.0,0.0,0.0,46.0,35,Millennials
U_585,0.0,0.0,0.0,0.0,377.0,0.0,0.0,23,Gen Z
U_586,0.0,0.0,0.0,81.0,0.0,0.0,0.0,48,Gen X
U_587,0.0,0.0,0.0,0.0,0.0,0.0,19.0,42,Gen X
U_588,0.0,0.0,0.0,0.0,239.0,0.0,0.0,21,Gen Z
U_589,0.0,0.0,456.0,0.0,0.0,0.0,0.0,23,Gen Z
U_59,312.0,0.0,0.0,0.0,0.0,0.0,0.0,54,Gen X
U_590,0.0,0.0,0.0,308.0,0.0,0.0,0.0,42,Gen X
U_591,0.0,414.0,0.0,0.0,0.0,0.0,0.0,51,Gen X
U_592,0.0,0.0,0.0,0.0,0.0,224.0,0.0,36,Millennials
U_593,0.0,0.0,427.0,0.0,0.0,0.0,0.0,51,Gen X
U_594,0.0,288.0,0.0,0.0,0.0,0.0,0.0,32,Millennials
U_595,0.0,0.0,0.0,0.0,0.0,477.0,0.0,25,Gen Z
U_596,0.0,0.0,210.0,0.0,0.0,0.0,0.0,51,Gen X
U_597,0.0,0.0,252.0,0.0,0.0,0.0,0.0,35,Millennials
U_598,0.0,0.0,0.0,157.0,0.0,0.0,0.0,47,Gen X
U_599,0.0,410.0,0.0,0.0,0.0,0.0,0.0,30,Millennials
U_6,0.0,0.0,0.0,0.0,0.0,0.0,464.0,50,Gen X
U_60,0.0,0.0,0.0,0.0,0.0,39.0,0.0,52,Gen X
U_600,0.0,0.0,0.0,0.0,0.0,0.0,39.0,41,Gen X
U_601,0.0,0.0,0.0,0.0,0.0,264.0,0.0,43,Gen X
U_602,0.0,402.0,0.0,0.0,0.0,0.0,0.0,18,Gen Z
U_603,0.0,0.0,0.0,0.0,24.0,0.0,0.0,30,Millennials
U_604,0.0,235.0,0.0,0.0,0.0,0.0,0.0,27,Millennials
U_605,0.0,0.0,0.0,288.0,0.0,0.0,0.0,36,Millennials
U_606,274.0,0.0,0.0,0.0,0.0,0.0,0.0,22,Gen Z
U_607,0.0,0.0,0.0,0.0,399.0,0.0,0.0,25,Gen Z
U_608,0.0,0.0,0.0,479.0,0.0,0.0,0.0,21,Gen Z
U_609,0.0,0.0,0.0,0.0,0.0,449.0,0.0,30,Millennials
U_61,0.0,0.0,260.0,0.0,0.0,0.0,0.0,55,Gen X
U_610,0.0,0.0,130.0,0.0,0.0,0.0,0.0,36,Millennials
U_611,0.0,300.0,0.0,0.0,0.0,0.0,0.0,25,Gen Z
U_612,0.0,112.0,0.0,0.0,0.0,0.0,0.0,44,Gen X
U_613,0.0,0.0,0.0,0.0,0.0,0.0,246.0,47,Gen X
U_614,0.0,0.0,109.0,0.0,0.0,0.0,0.0,21,Gen Z
U_615,0.0,156.0,0.0,0.0,0.0,0.0,0.0,28,Millennials
U_616,0.0,0.0,0.0,0.0,317.0,0.0,0.0,38,Millennials
U_617,0.0,0.0,0.0,0.0,264.0,0.0,0.0,19,Gen Z
U_618,0.0,0.0,0.0,0.0,0.0,0.0,296.0,38,Millennials
U_619,0.0,0.0,151.0,0.0,0.0,0.0,0.0,34,Millennials
U_62,0.0,0.0,379.0,0.0,0.0,0.0,0.0,46,Gen X
U_620,0.0,0.0,0.0,0.0,155.0,0.0,0.0,44,Gen X
U_621,0.0,0.0,0.0,0.0,464.0,0.0,0.0,41,Gen X
U_622,17.0,0.0,0.0,0.0,0.0,0.0,0.0,20,Gen Z
U_623,93.0,0.0,0.0,0.0,0.0,0.0,0.0,27,Millennials
U_624,0.0,0.0,0.0,65.0,0.0,0.0,0.0,20,Gen Z
U_625,0.0,0.0,0.0,0.0,0.0,295.0,0.0,43,Gen X
U_626,0.0,0.0,305.0,0.0,0.0,0.0,0.0,54,Gen X
U_627,0.0,0.0,0.0,0.0,0.0,0.0,233.0,44,Gen X
U_628,0.0,0.0,0.0,0.0,0.0,0.0,115.0,22,Gen Z
U_629,280.0,0.0,0.0,0.0,0.0,0.0,0.0,28,Millennials
U_63,208.0,0.0,0.0,0.0,0.0,0.0,0.0,30,Millennials
U_630,0.0,351.0,0.0,0.0,0.0,0.0,0.0,51,Gen X
U_631,0.0,0.0,0.0,0.0,17.0,0.0,0.0,55,Gen X
U_632,0.0,0.0,0.0,228.0,0.0,0.0,0.0,50,Gen X
U_633,0.0,0.0,0.0,0.0,301.0,0.0,0.0,51,Gen X
U_634,0.0,0.0,0.0,0.0,0.0,383.0,0.0,44,Gen X
U_635,211.0,0.0,0.0,0.0,0.0,0.0,0.0,53,Gen X
U_636,0.0,0.0,0.0,377.0,0.0,0.0,0.0,43,Gen X
U_637,321.0,0.0,0.0,0.0,0.0,0.0,0.0,42,Gen X
U_638,0.0,0.0,0.0,0.0,194.0,0.0,0.0,36,Millennials
U_639,0.0,0.0,45.0,0.0,0.0,0.0,0.0,38,Millennials
U_64,0.0,0.0,0.0,341.0,0.0,0.0,0.0,48,Gen X
U_640,0.0,276.0,0.0,0.0,0.0,0.0,0.0,46,Gen X
U_641,0.0,0.0,0.0,0.0,0.0,0.0,220.0,26,Millennials
U_642,0.0,0.0,433.0,0.0,0.0,0.0,0.0,36,Millennials
U_643,0.0,0.0,0.0,0.0,262.0,0.0,0.0,43,Gen X
U_644,420.0,0.0,0.0,0.0,0.0,0.0,0.0,42,Gen X
U_645,0.0,0.0,0.0,71.0,0.0,0.0,0.0,46,Gen X
U_646,148.0,0.0,0.0,0.0,0.0,0.0,0.0,42,Gen X
U_647,0.0,0.0,0.0,0.0,0.0,23.0,0.0,36,Millennials
U_648,0.0,0.0,0.0,0.0,204.0,0.0,0.0,21,Gen Z
U_649,0.0,167.0,0.0,0.0,0.0,0.0,0.0,37,Millennials
U_65,0.0,0.0,0.0,0.0,28.0,0.0,0.0,18,Gen Z
U_650,0.0,0.0,0.0,0.0,0.0,0.0,142.0,28,Millennials
U_651,476.0,0.0,0.0,0.0,0.0,0.0,0.0,21,Gen Z
U_652,462.0,0.0,0.0,0.0,0.0,0.0,0.0,24,Gen Z
U_653,315.0,0.0,0.0,0.0,0.0,0.0,0.0,45,Gen X
U_654,0.0,0.0,0.0,0.0,0.0,161.0,0.0,53,Gen X
U_655,0.0,0.0,0.0,0.0,0.0,0.0,384.0,24,Gen Z
U_656,0.0,0.0,0.0,59.0,0.0,0.0,0.0,37,Millennials
U_657,0.0,0.0,318.0,0.0,0.0,0.0,0.0,52,Gen X
U_658,0.0,0.0,0.0,0.0,0.0,0.0,90.0,38,Millennials
U_659,0.0,52.0,0.0,0.0,0.0,0.0,0.0,18,Gen Z
U_66,0.0,407.0,0.0,0.0,0.0,0.0,0.0,54,Gen X
U_660,0.0,0.0,0.0,0.0,0.0,159.0,0.0,20,Gen Z
U_661,424.0,0.0,0.0,0.0,0.0,0.0,0.0,51,Gen X
U_662,0.0,0.0,0.0,405.0,0.0,0.0,0.0,30,Millennials
U_663,0.0,0.0,227.0,0.0,0.0,0.0,0.0,33,Millennials
U_664,0.0,0.0,212.0,0.0,0.0,0.0,0.0,51,Gen X
U_665,0.0,0.0,44.0,0.0,0.0,0.0,0.0,41,Gen X
U_666,0.0,0.0,0.0,0.0,0.0,435.0,0.0,30,Millennials
U_667,0.0,67.0,0.0,0.0,0.0,0.0,0.0,23,Gen Z
U_668,0.0,0.0,412.0,0.0,0.0,0.0,0.0,19,Gen Z
U_669,0.0,76.0,0.0,0.0,0.0,0.0,0.0,28,Millennials
U_67,498.0,0.0,0.0,0.0,0.0,0.0,0.0,24,Gen Z
U_670,0.0,0.0,0.0,0.0,0.0,0.0,192.0,24,Gen Z
U_671,0.0,0.0,186.0,0.0,0.0,0.0,0.0,29,Millennials
U_672,0.0,0.0,0.0,0.0,0.0,299.0,0.0,39,Millennials
U_673,52.0,0.0,0.0,0.0,0.0,0.0,0.0,20,Gen Z
U_674,0.0,0.0,0.0,0.0,383.0,0.0,0.0,30,Millennials
U_675,486.0,0.0,0.0,0.0,0.0,0.0,0.0,47,Gen X
U_676,0.0,0.0,243.0,0.0,0.0,0.0,0.0,27,Millennials
U_677,0.0,0.0,0.0,491.0,0.0,0.0,0.0,26,Millennials
U_678,0.0,0.0,0.0,0.0,395.0,0.0,0.0,23,Gen Z
U_679,0.0,0.0,127.0,0.0,0.0,0.0,0.0,19,Gen Z
U_68,0.0,0.0,0.0,0.0,0.0,21.0,0.0,33,Millennials
U_680,0.0,67.0,0.0,0.0,0.0,0.0,0.0,30,Millennials
U_681,0.0,0.0,0.0,337.0,0.0,0.0,0.0,30,Millennials
U_682,0.0,0.0,0.0,305.0,0.0,0.0,0.0,39,Millennials
U_683,0.0,0.0,0.0,0.0,0.0,383.0,0.0,36,Millennials
U_684,0.0,481.0,0.0,0.0,0.0,0.0,0.0,43,Gen X
U_685,451.0,0.0,0.0,0.0,0.0,0.0,0.0,31,Millennials
U_686,0.0,0.0,0.0,0.0,160.0,0.0,0.0,48,Gen X
U_687,0.0,0.0,0.0,0.0,0.0,8.0,0.0,46,Gen X
U_688,0.0,0.0,0.0,179.0,0.0,0.0,0.0,39,Millennials
U_689,0.0,139.0,0.0,0.0,0.0,0.0,0.0,24,Gen Z
U_69,0.0,0.0,0.0,0.0,0.0,474.0,0.0,54,Gen X
U_690,0.0,0.0,0.0,0.0,0.0,0.0,317.0,44,Gen X
U_691,0.0,98.0,0.0,0.0,0.0,0.0,0.0,48,Gen X
U_692,0.0,0.0,233.0,0.0,0.0,0.0,0.0,23,Gen Z
U_693,0.0,0.0,0.0,435.0,0.0,0.0,0.0,33,Millennials
U_694,0.0,0.0,0.0,0.0,0.0,0.0,453.0,55,Gen X
U_695,0.0,0.0,176.0,0.0,0.0,0.0,0.0,55,Gen X
U_696,0.0,0.0,0.0,374.0,0.0,0.0,0.0,49,Gen X
U_697,253.0,0.0,0.0,0.0,0.0,0.0,0.0,50,Gen X
U_698,0.0,0.0,179.0,0.0,0.0,0.0,0.0,34,Millennials
U_699,154.0,0.0,0.0,0.0,0.0,0.0,0.0,50,Gen X
U_7,0.0,0.0,229.0,0.0,0.0,0.0,0.0,28,Millennials
U_70,0.0,36.0,0.0,0.0,0.0,0.0,0.0,30,Millennials
U_700,0.0,0.0,0.0,0.0,0.0,281.0,0.0,47,Gen X
U_701,0.0,0.0,0.0,0.0,251.0,0.0,0.0,18,Gen Z
U_702,0.0,0.0,0.0,0.0,0.0,0.0,89.0,47,Gen X
U_703,0.0,0.0,436.0,0.0,0.0,0.0,0.0,44,Gen X
U_704,75.0,0.0,0.0,0.0,0.0,0.0,0.0,40,Millennials
U_705,0.0,161.0,0.0,0.0,0.0,0.0,0.0,37,Millennials
U_706,0.0,0.0,0.0,67.0,0.0,0.0,0.0,23,Gen Z
U_707,0.0,0.0,0.0,18.0,0.0,0.0,0.0,54,Gen X
U_708,0.0,0.0,0.0,0.0,0.0,0.0,442.0,37,Millennials
U_709,0.0,0.0,0.0,306.0,0.0,0.0,0.0,54,Gen X
U_71,0.0,0.0,0.0,0.0,0.0,0.0,461.0,23,Gen Z
U_710,0.0,0.0,0.0,401.0,0.0,0.0,0.0,46,Gen X
U_711,0.0,0.0,0.0,0.0,0.0,0.0,331.0,30,Millennials
U_712,0.0,0.0,0.0,0.0,0.0,126.0,0.0,44,Gen X
U_713,0.0,288.0,0.0,0.0,0.0,0.0,0.0,37,Millennials
U_714,0.0,0.0,188.0,0.0,0.0,0.0,0.0,30,Millennials
U_715,0.0,0.0,338.0,0.0,0.0,0.0,0.0,25,Gen Z
U_716,0.0,0.0,0.0,466.0,0.0,0.0,0.0,34,Millennials
U_717,0.0,26.0,0.0,0.0,0.0,0.0,0.0,47,Gen X
U_718,0.0,0.0,0.0,313.0,0.0,0.0,0.0,18,Gen Z
U_719,0.0,0.0,0.0,0.0,0.0,39.0,0.0,41,Gen X
U_72,0.0,0.0,0.0,178.0,0.0,0.0,0.0,33,Millennials
U_720,0.0,0.0,0.0,0.0,14.0,0.0,0.0,28,Millennials
U_721,0.0,0.0,0.0,0.0,317.0,0.0,0.0,21,Gen Z
U_722,0.0,213.0,0.0,0.0,0.0,0.0,0.0,21,Gen Z
U_723,0.0,0.0,417.0,0.0,0.0,0.0,0.0,34,Millennials
U_724,222.0,0.0,0.0,0.0,0.0,0.0,0.0,27,Millennials
U_725,0.0,0.0,0.0,0.0,186.0,0.0,0.0,38,Millennials
U_726,0.0,313.0,0.0,0.0,0.0,0.0,0.0,55,Gen X
U_727,0.0,0.0,0.0,0.0,447.0,0.0,0.0,35,Millennials
U_728,0.0,0.0,0.0,0.0,0.0,5.0,0.0,27,Millennials
U_729,0.0,0.0,0.0,0.0,0.0,0.0,391.0,33,Millennials
U_73,0.0,0.0,0.0,0.0,361.0,0.0,0.0,32,Millennials
U_730,0.0,242.0,0.0,0.0,0.0,0.0,0.0,51,Gen X
U_731,0.0,0.0,0.0,0.0,0.0,0.0,487.0,22,Gen Z
U_732,490.0,0.0,0.0,0.0,0.0,0.0,0.0,34,Millennials
U_733,0.0,0.0,0.0,27.0,0.0,0.0,0.0,54,Gen X
U_734,0.0,0.0,0.0,0.0,0.0,391.0,0.0,25,Gen Z
U_735,99.0,0.0,0.0,0.0,0.0,0.0,0.0,41,Gen X
U_736,0.0,0.0,0.0,386.0,0.0,0.0,0.0,45,Gen X
U_737,0.0,0.0,0.0,0.0,359.0,0.0,0.0,25,Gen Z
U_738,0.0,362.0,0.0,0.0,0.0,0.0,0.0,40,Millennials
U_739,368.0,0.0,0.0,0.0,0.0,0.0,0.0,52,Gen X
U_74,0.0,0.0,0.0,24.0,0.0,0.0,0.0,48,Gen X
U_740,0.0,0.0,0.0,0.0,0.0,0.0,239.0,34,Millennials
U_741,0.0,0.0,0.0,0.0,87.0,0.0,0.0,45,Gen X
U_742,0.0,0.0,0.0,0.0,0.0,0.0,13.0,29,Millennials
U_743,0.0,0.0,0.0,0.0,0.0,353.0,0.0,41,Gen X
U_744,0.0,0.0,0.0,0.0,369.0,0.0,0.0,32,Millennials
U_745,0.0,105.0,0.0,0.0,0.0,0.0,0.0,48,Gen X
U_746,0.0,0.0,0.0,0.0,0.0,40.0,0.0,44,Gen X
U_747,0.0,33.0,0.0,0.0,0.0,0.0,0.0,52,Gen X
U_748,0.0,0.0,0.0,372.0,0.0,0.0,0.0,35,Millennials
U_749,0.0,0.0,0.0,0.0,12.0,0.0,0.0,53,Gen X
U_75,0.0,0.0,0.0,0.0,149.0,0.0,0.0,25,Gen Z
U_750,0.0,421.0,0.0,0.0,0.0,0.0,0.0,55,Gen X
U_751,130.0,0.0,0.0,0.0,0.0,0.0,0.0,22,Gen Z
U_752,0.0,0.0,0.0,0.0,0.0,0.0,74.0,31,Millennials
U_753,323.0,0.0,0.0,0.0,0.0,0.0,0.0,55,Gen X
U_754,0.0,0.0,0.0,0.0,388.0,0.0,0.0,37,Millennials
U_755,192.0,0.0,0.0,0.0,0.0,0.0,0.0,26,Millennials
U_756,0.0,0.0,218.0,0.0,0.0,0.0,0.0,50,Gen X
U_757,0.0,449.0,0.0,0.0,0.0,0.0,0.0,35,Millennials
U_758,0.0,496.0,0.0,0.0,0.0,0.0,0.0,23,Gen Z
U_759,0.0,0.0,99.0,0.0,0.0,0.0,0.0,54,Gen X
U_76,0.0,0.0,0.0,0.0,250.0,0.0,0.0,19,Gen Z
U_760,0.0,0.0,0.0,0.0,0.0,0.0,408.0,47,Gen X
U_761,0.0,10.0,0.0,0.0,0.0,0.0,0.0,23,Gen Z
U_762,154.0,0.0,0.0,0.0,0.0,0.0,0.0,34,Millennials
U_763,0.0,0.0,0.0,0.0,0.0,0.0,300.0,40,Millennials
U_764,0.0,0.0,0.0,0.0,117.0,0.0,0.0,48,Gen X
U_765,0.0,0.0,0.0,0.0,301.0,0.0,0.0,37,Millennials
U_766,0.0,0.0,0.0,0.0,246.0,0.0,0.0,22,Gen Z
U_767,0.0,68.0,0.0,0.0,0.0,0.0,0.0,38,Millennials
U_768,0.0,0.0,0.0,0.0,393.0,0.0,0.0,28,Millennials
U_769,0.0,331.0,0.0,0.0,0.0,0.0,0.0,21,Gen Z
U_77,0.0,251.0,0.0,0.0,0.0,0.0,0.0,40,Millennials
U_770,176.0,0.0,0.0,0.0,0.0,0.0,0.0,55,Gen X
U_771,0.0,457.0,0.0,0.0,0.0,0.0,0.0,47,Gen X
U_772,0.0,0.0,0.0,0.0,0.0,0.0,81.0,35,Millennials
U_773,332.0,0.0,0.0,0.0,0.0,0.0,0.0,48,Gen X
U_774,0.0,0.0,0.0,0.0,0.0,0.0,385.0,47,Gen X
U_775,0.0,0.0,0.0,0.0,0.0,337.0,0.0,51,Gen X
U_776,0.0,0.0,328.0,0.0,0.0,0.0,0.0,48,Gen X
U_777,0.0,0.0,0.0,0.0,0.0,0.0,101.0,55,Gen X
U_778,176.0,0.0,0.0,0.0,0.0,0.0,0.0,42,Gen X
U_779,0.0,0.0,468.0,0.0,0.0,0.0,0.0,34,Millennials
U_78,0.0,0.0,0.0,0.0,0.0,153.0,0.0,53,Gen X
U_780,0.0,0.0,388.0,0.0,0.0,0.0,0.0,47,Gen X
U_781,0.0,0.0,0.0,0.0,0.0,0.0,451.0,19,Gen Z
U_782,0.0,0.0,0.0,0.0,0.0,0.0,6.0,41,Gen X
U_783,0.0,0.0,374.0,0.0,0.0,0.0,0.0,26,Millennials
U_784,0.0,0.0,0.0,84.0,0.0,0.0,0.0,18,Gen Z
U_785,129.0,0.0,0.0,0.0,0.0,0.0,0.0,41,Gen X
U_786,0.0,0.0,0.0,0.0,0.0,192.0,0.0,55,Gen X
U_787,0.0,0.0,0.0,0.0,0.0,0.0,282.0,44,Gen X
U_788,0.0,0.0,0.0,400.0,0.0,0.0,0.0,43,Gen X
U_789,0.0,0.0,67.0,0.0,0.0,0.0,0.0,43,Gen X
U_79,0.0,394.0,0.0,0.0,0.0,0.0,0.0,24,Gen Z
U_790,0.0,0.0,183.0,0.0,0.0,0.0,0.0,42,Gen X
U_791,413.0,0.0,0.0,0.0,0.0,0.0,0.0,33,Millennials
U_792,0.0,0.0,303.0,0.0,0.0,0.0,0.0,55,Gen X
U_793,0.0,0.0,94.0,0.0,0.0,0.0,0.0,35,Millennials
U_794,0.0,0.0,0.0,492.0,0.0,0.0,0.0,34,Millennials
U_795,0.0,0.0,0.0,0.0,442.0,0.0,0.0,23,Gen Z
U_796,0.0,0.0,0.0,83.0,0.0,0.0,0.0,37,Millennials
U_797,0.0,0.0,0.0,0.0,0.0,0.0,279.0,40,Millennials
U_798,0.0,0.0,84.0,0.0,0.0,0.0,0.0,29,Millennials
U_799,0.0,0.0,285.0,0.0,0.0,0.0,0.0,29,Millennials
U_8,0.0,0.0,8.0,0.0,0.0,0.0,0.0,51,Gen X
U_80,0.0,0.0,344.0,0.0,0.0,0.0,0.0,25,Gen Z
U_800,0.0,0.0,254.0,0.0,0.0,0.0,0.0,44,Gen X
U_801,0.0,0.0,0.0,0.0,0.0,193.0,0.0,25,Gen Z
U_802,0.0,0.0,0.0,0.0,0.0,354.0,0.0,50,Gen X
U_803,0.0,0.0,0.0,0.0,449.0,0.0,0.0,54,Gen X
U_804,0.0,0.0,0.0,0.0,0.0,0.0,63.0,36,Millennials
U_805,0.0,0.0,314.0,0.0,0.0,0.0,0.0,41,Gen X
U_806,0.0,475.0,0.0,0.0,0.0,0.0,0.0,39,Millennials
U_807,0.0,0.0,0.0,0.0,0.0,435.0,0.0,20,Gen Z
U_808,0.0,0.0,220.0,0.0,0.0,0.0,0.0,26,Millennials
U_809,0.0,0.0,0.0,273.0,0.0,0.0,0.0,28,Millennials
U_81,0.0,454.0,0.0,0.0,0.0,0.0,0.0,23,Gen Z
U_810,0.0,204.0,0.0,0.0,0.0,0.0,0.0,54,Gen X
U_811,0.0,0.0,0.0,157.0,0.0,0.0,0.0,19,Gen Z
U_812,0.0,0.0,0.0,0.0,0.0,101.0,0.0,54,Gen X
U_813,0.0,0.0,0.0,0.0,0.0,292.0,0.0,23,Gen Z
U_814,0.0,0.0,0.0,0.0,0.0,317.0,0.0,23,Gen Z
U_815,0.0,47.0,0.0,0.0,0.0,0.0,0.0,53,Gen X
U_816,330.0,0.0,0.0,0.0,0.0,0.0,0.0,42,Gen X
U_817,0.0,0.0,0.0,0.0,0.0,0.0,311.0,33,Millennials
U_818,0.0,196.0,0.0,0.0,0.0,0.0,0.0,38,Millennials
U_819,0.0,0.0,0.0,0.0,0.0,56.0,0.0,27,Millennials
U_82,0.0,59.0,0.0,0.0,0.0,0.0,0.0,22,Gen Z
U_820,0.0,405.0,0.0,0.0,0.0,0.0,0.0,42,Gen X
U_821,0.0,91.0,0.0,0.0,0.0,0.0,0.0,48,Gen X
U_822,0.0,0.0,0.0,0.0,0.0,0.0,331.0,20,Gen Z
U_823,0.0,0.0,0.0,101.0,0.0,0.0,0.0,37,Millennials
U_824,0.0,0.0,0.0,0.0,0.0,238.0,0.0,21,Gen Z
U_825,0.0,0.0,99.0,0.0,0.0,0.0,0.0,31,Millennials
U_826,0.0,0.0,0.0,0.0,169.0,0.0,0.0,29,Millennials
U_827,0.0,266.0,0.0,0.0,0.0,0.0,0.0,31,Millennials
U_828,0.0,398.0,0.0,0.0,0.0,0.0,0.0,54,Gen X
U_829,0.0,0.0,0.0,0.0,0.0,0.0,491.0,35,Millennials
U_83,0.0,289.0,0.0,0.0,0.0,0.0,0.0,44,Gen X
U_830,0.0,0.0,0.0,0.0,304.0,0.0,0.0,24,Gen Z
U_831,0.0,0.0,0.0,0.0,0.0,0.0,431.0,52,Gen X
U_832,0.0,109.0,0.0,0.0,0.0,0.0,0.0,39,Millennials
U_833,0.0,0.0,0.0,0.0,0.0,0.0,127.0,38,Millennials
U_834,0.0,0.0,426.0,0.0,0.0,0.0,0.0,35,Millennials
U_835,0.0,0.0,0.0,257.0,0.0,0.0,0.0,55,Gen X
U_836,0.0,0.0,43.0,0.0,0.0,0.0,0.0,43,Gen X
U_837,0.0,0.0,0.0,0.0,0.0,0.0,226.0,39,Millennials
U_838,0.0,0.0,0.0,0.0,363.0,0.0,0.0,54,Gen X
U_839,0.0,0.0,33.0,0.0,0.0,0.0,0.0,22,Gen Z
U_84,497.0,0.0,0.0,0.0,0.0,0.0,0.0,52,Gen X
U_840,0.0,0.0,0.0,0.0,0.0,0.0,45.0,29,Millennials
U_841,0.0,0.0,0.0,0.0,0.0,0.0,336.0,52,Gen X
U_842,0.0,0.0,0.0,0.0,0.0,405.0,0.0,51,Gen X
U_843,0.0,0.0,0.0,0.0,0.0,0.0,371.0,37,Millennials
U_844,0.0,0.0,0.0,414.0,0.0,0.0,0.0,29,Millennials
U_845,0.0,0.0,0.0,0.0,0.0,498.0,0.0,51,Gen X
U_846,0.0,0.0,0.0,0.0,0.0,201.0,0.0,43,Gen X
U_847,0.0,339.0,0.0,0.0,0.0,0.0,0.0,51,Gen X
U_848,0.0,0.0,0.0,0.0,125.0,0.0,0.0,49,Gen X
U_849,457.0,0.0,0.0,0.0,0.0,0.0,0.0,24,Gen Z
U_85,0.0,0.0,0.0,0.0,0.0,0.0,450.0,43,Gen X
U_850,171.0,0.0,0.0,0.0,0.0,0.0,0.0,42,Gen X
U_851,0.0,0.0,0.0,0.0,0.0,0.0,339.0,34,Millennials
U_852,0.0,0.0,130.0,0.0,0.0,0.0,0.0,41,Gen X
U_853,0.0,0.0,0.0,0.0,0.0,0.0,142.0,44,Gen X
U_854,0.0,0.0,0.0,0.0,0.0,0.0,32.0,21,Gen Z
U_855,474.0,0.0,0.0,0.0,0.0,0.0,0.0,44,Gen X
U_856,0.0,0.0,0.0,0.0,0.0,0.0,104.0,47,Gen X
U_857,0.0,0.0,0.0,426.0,0.0,0.0,0.0,20,Gen Z
U_858,56.0,0.0,0.0,0.0,0.0,0.0,0.0,23,Gen Z
U_859,300.0,0.0,0.0,0.0,0.0,0.0,0.0,25,Gen Z
U_86,0.0,0.0,0.0,0.0,0.0,0.0,74.0,33,Millennials
U_860,0.0,0.0,0.0,0.0,423.0,0.0,0.0,32,Millennials
U_861,0.0,0.0,0.0,53.0,0.0,0.0,0.0,53,Gen X
U_862,0.0,0.0,0.0,0.0,0.0,483.0,0.0,25,Gen Z
U_863,0.0,0.0,0.0,246.0,0.0,0.0,0.0,47,Gen X
U_864,0.0,0.0,0.0,0.0,0.0,0.0,48.0,29,Millennials
U_865,0.0,0.0,0.0,0.0,0.0,325.0,0.0,21,Gen Z
U_866,0.0,0.0,0.0,483.0,0.0,0.0,0.0,31,Millennials
U_867,0.0,0.0,0.0,0.0,0.0,0.0,366.0,42,Gen X
U_868,0.0,0.0,0.0,40.0,0.0,0.0,0.0,22,Gen Z
U_869,0.0,0.0,0.0,47.0,0.0,0.0,0.0,40,Millennials
U_87,492.0,0.0,0.0,0.0,0.0,0.0,0.0,47,Gen X
U_870,0.0,0.0,115.0,0.0,0.0,0.0,0.0,29,Millennials
U_871,0.0,265.0,0.0,0.0,0.0,0.0,0.0,32,Millennials
U_872,0.0,6.0,0.0,0.0,0.0,0.0,0.0,36,Millennials
U_873,0.0,0.0,197.0,0.0,0.0,0.0,0.0,43,Gen X
U_874,0.0,0.0,0.0,0.0,97.0,0.0,0.0,21,Gen Z
U_875,0.0,0.0,0.0,0.0,0.0,263.0,0.0,55,Gen X
U_876,0.0,0.0,0.0,0.0,285.0,0.0,0.0,25,Gen Z
U_877,0.0,0.0,0.0,0.0,148.0,0.0,0.0,47,Gen X
U_878,0.0,0.0,0.0,0.0,0.0,445.0,0.0,32,Millennials
U_879,0.0,0.0,0.0,0.0,0.0,0.0,238.0,29,Millennials
U_88,0.0,0.0,0.0,0.0,156.0,0.0,0.0,27,Millennials
U_880,0.0,0.0,0.0,0.0,0.0,123.0,0.0,29,Millennials
U_881,0.0,0.0,0.0,0.0,261.0,0.0,0.0,34,Millennials
U_882,0.0,389.0,0.0,0.0,0.0,0.0,0.0,19,Gen Z
U_883,0.0,0.0,0.0,0.0,0.0,232.0,0.0,36,Millennials
U_884,0.0,0.0,0.0,0.0,0.0,167.0,0.0,46,Gen X
U_885,0.0,0.0,0.0,0.0,0.0,11.0,0.0,18,Gen Z
U_886,0.0,0.0,0.0,0.0,315.0,0.0,0.0,39,Millennials
U_887,0.0,0.0,0.0,0.0,447.0,0.0,0.0,42,Gen X
U_888,0.0,423.0,0.0,0.0,0.0,0.0,0.0,27,Millennials
U_889,0.0,0.0,0.0,0.0,399.0,0.0,0.0,26,Millennials
U_89,0.0,0.0,0.0,0.0,0.0,0.0,335.0,36,Millennials
U_890,0.0,0.0,442.0,0.0,0.0,0.0,0.0,29,Millennials
U_891,0.0,417.0,0.0,0.0,0.0,0.0,0.0,46,Gen X
U_892,80.0,0.0,0.0,0.0,0.0,0.0,0.0,35,Millennials
U_893,0.0,0.0,0.0,0.0,0.0,39.0,0.0,33,Millennials
U_894,0.0,111.0,0.0,0.0,0.0,0.0,0.0,21,Gen Z
U_895,0.0,0.0,0.0,468.0,0.0,0.0,0.0,42,Gen X
U_896,0.0,0.0,0.0,0.0,0.0,76.0,0.0,39,Millennials
U_897,0.0,0.0,0.0,0.0,0.0,0.0,241.0,46,Gen X
U_898,0.0,0.0,0.0,103.0,0.0,0.0,0.0,39,Millennials
U_899,0.0,0.0,0.0,0.0,305.0,0.0,0.0,32,Millennials
U_9,0.0,0.0,0.0,0.0,0.0,80.0,0.0,19,Gen Z
U_90,0.0,0.0,0.0,114.0,0.0,0.0,0.0,30,Millennials
U_900,0.0,0.0,0.0,0.0,357.0,0.0,0.0,29,Millennials
U_901,0.0,457.0,0.0,0.0,0.0,0.0,0.0,43,Gen X
U_902,0.0,0.0,0.0,0.0,0.0,51.0,0.0,29,Millennials
U_903,0.0,0.0,0.0,0.0,0.0,157.0,0.0,44,Gen X
U_904,0.0,0.0,0.0,0.0,0.0,0.0,405.0,52,Gen X
U_905,0.0,0.0,0.0,0.0,0.0,61.0,0.0,19,Gen Z
U_906,0.0,0.0,0.0,0.0,433.0,0.0,0.0,34,Millennials
U_907,0.0,0.0,0.0,0.0,101.0,0.0,0.0,19,Gen Z
U_908,0.0,0.0,0.0,0.0,0.0,26.0,0.0,34,Millennials
U_909,0.0,0.0,0.0,0.0,447.0,0.0,0.0,51,Gen X
U_91,0.0,0.0,0.0,0.0,31.0,0.0,0.0,51,Gen X
U_910,0.0,0.0,12.0,0.0,0.0,0.0,0.0,26,Millennials
U_911,0.0,0.0,0.0,223.0,0.0,0.0,0.0,31,Millennials
U_912,0.0,0.0,0.0,0.0,0.0,0.0,58.0,37,Millennials
U_913,0.0,107.0,0.0,0.0,0.0,0.0,0.0,50,Gen X
U_914,0.0,0.0,0.0,0.0,448.0,0.0,0.0,41,Gen X
U_915,0.0,0.0,0.0,0.0,465.0,0.0,0.0,22,Gen Z
U_916,0.0,0.0,0.0,0.0,0.0,61.0,0.0,49,Gen X
U_917,76.0,0.0,0.0,0.0,0.0,0.0,0.0,40,Millennials
U_918,0.0,0.0,0.0,0.0,0.0,0.0,207.0,18,Gen Z
U_919,0.0,0.0,0.0,0.0,408.0,0.0,0.0,55,Gen X
U_92,0.0,0.0,0.0,316.0,0.0,0.0,0.0,49,Gen X
U_920,0.0,175.0,0.0,0.0,0.0,0.0,0.0,33,Millennials
U_921,159.0,0.0,0.0,0.0,0.0,0.0,0.0,37,Millennials
U_922,0.0,0.0,0.0,0.0,0.0,61.0,0.0,33,Millennials
U_923,0.0,0.0,0.0,0.0,0.0,311.0,0.0,30,Millennials
U_924,0.0,0.0,0.0,0.0,0.0,0.0,292.0,28,Millennials
U_925,0.0,0.0,0.0,0.0,0.0,0.0,201.0,34,Millennials
U_926,153.0,0.0,0.0,0.0,0.0,0.0,0.0,24,Gen Z
U_927,0.0,0.0,0.0,89.0,0.0,0.0,0.0,39,Millennials
U_928,0.0,412.0,0.0,0.0,0.0,0.0,0.0,48,Gen X
U_929,0.0,0.0,0.0,0.0,312.0,0.0,0.0,21,Gen Z
U_93,0.0,0.0,0.0,0.0,0.0,189.0,0.0,34,Millennials
U_930,88.0,0.0,0.0,0.0,0.0,0.0,0.0,18,Gen Z
U_931,272.0,0.0,0.0,0.0,0.0,0.0,0.0,19,Gen Z
U_932,128.0,0.0,0.0,0.0,0.0,0.0,0.0,50,Gen X
U_933,0.0,453.0,0.0,0.0,0.0,0.0,0.0,36,Millennials
U_934,0.0,0.0,0.0,0.0,0.0,481.0,0.0,36,Millennials
U_935,0.0,0.0,0.0,0.0,0.0,357.0,0.0,40,Millennials
U_936,0.0,0.0,0.0,0.0,0.0,0.0,149.0,33,Millennials
U_937,0.0,0.0,0.0,0.0,141.0,0.0,0.0,33,Millennials
U_938,8.0,0.0,0.0,0.0,0.0,0.0,0.0,46,Gen X
U_939,0.0,0.0,0.0,0.0,376.0,0.0,0.0,25,Gen Z
U_94,0.0,0.0,0.0,0.0,106.0,0.0,0.0,45,Gen X
U_940,0.0,0.0,0.0,351.0,0.0,0.0,0.0,42,Gen X
U_941,0.0,0.0,0.0,0.0,231.0,0.0,0.0,42,Gen X
U_942,0.0,0.0,0.0,40.0,0.0,0.0,0.0,30,Millennials
U_943,0.0,0.0,0.0,0.0,242.0,0.0,0.0,31,Millennials
U_944,0.0,0.0,0.0,0.0,0.0,0.0,404.0,36,Millennials
U_945,0.0,0.0,347.0,0.0,0.0,0.0,0.0,32,Millennials
U_946,87.0,0.0,0.0,0.0,0.0,0.0,0.0,32,Millennials
U_947,96.0,0.0,0.0,0.0,0.0,0.0,0.0,38,Millennials
U_948,0.0,0.0,0.0,0.0,0.0,0.0,431.0,25,Gen Z
U_949,0.0,109.0,0.0,0.0,0.0,0.0,0.0,45,Gen X
U_95,0.0,0.0,0.0,227.0,0.0,0.0,0.0,33,Millennials
U_950,0.0,406.0,0.0,0.0,0.0,0.0,0.0,41,Gen X
U_951,0.0,0.0,0.0,0.0,408.0,0.0,0.0,29,Millennials
U_952,0.0,81.0,0.0,0.0,0.0,0.0,0.0,31,Millennials
U_953,0.0,0.0,0.0,0.0,303.0,0.0,0.0,47,Gen X
U_954,37.0,0.0,0.0,0.0,0.0,0.0,0.0,49,Gen X
U_955,0.0,0.0,0.0,0.0,105.0,0.0,0.0,36,Millennials
U_956,0.0,473.0,0.0,0.0,0.0,0.0,0.0,22,Gen Z
U_957,0.0,0.0,0.0,0.0,0.0,0.0,181.0,46,Gen X
U_958,0.0,0.0,0.0,120.0,0.0,0.0,0.0,19,Gen Z
U_959,0.0,0.0,0.0,47.0,0.0,0.0,0.0,41,Gen X
U_96,0.0,0.0,0.0,267.0,0.0,0.0,0.0,34,Millennials
U_960,0.0,0.0,0.0,0.0,0.0,493.0,0.0,44,Gen X
U_961,0.0,0.0,0.0,0.0,0.0,89.0,0.0,20,Gen Z
U_962,0.0,0.0,341.0,0.0,0.0,0.0,0.0,35,Millennials
U_963,0.0,0.0,0.0,0.0,0.0,186.0,0.0,38,Millennials
U_964,475.0,0.0,0.0,0.0,0.0,0.0,0.0,18,Gen Z
U_965,0.0,0.0,71.0,0.0,0.0,0.0,0.0,24,Gen Z
U_966,0.0,0.0,0.0,0.0,0.0,0.0,444.0,40,Millennials
U_967,0.0,0.0,395.0,0.0,0.0,0.0,0.0,33,Millennials
U_968,0.0,0.0,0.0,0.0,0.0,28.0,0.0,28,Millennials
U_969,0.0,0.0,0.0,0.0,451.0,0.0,0.0,52,Gen X
U_97,0.0,0.0,0.0,0.0,0.0,0.0,36.0,39,Millennials
U_970,87.0,0.0,0.0,0.0,0.0,0.0,0.0,52,Gen X
U_971,0.0,0.0,0.0,0.0,376.0,0.0,0.0,50,Gen X
U_972,0.0,0.0,0.0,0.0,0.0,0.0,267.0,53,Gen X
U_973,0.0,293.0,0.0,0.0,0.0,0.0,0.0,45,Gen X
U_974,0.0,0.0,0.0,0.0,0.0,320.0,0.0,28,Millennials
U_975,241.0,0.0,0.0,0.0,0.0,0.0,0.0,22,Gen Z
U_976,0.0,423.0,0.0,0.0,0.0,0.0,0.0,35,Millennials
U_977,0.0,0.0,0.0,97.0,0.0,0.0,0.0,21,Gen Z
U_978,0.0,0.0,495.0,0.0,0.0,0.0,0.0,55,Gen X
U_979,0.0,0.0,0.0,0.0,0.0,0.0,135.0,48,Gen X
U_98,0.0,0.0,0.0,0.0,9.0,0.0,0.0,41,Gen X
U_980,348.0,0.0,0.0,0.0,0.0,0.0,0.0,47,Gen X
U_981,0.0,311.0,0.0,0.0,0.0,0.0,0.0,48,Gen X
U_982,0.0,0.0,0.0,0.0,135.0,0.0,0.0,29,Millennials
U_983,0.0,0.0,420.0,0.0,0.0,0.0,0.0,20,Gen Z
U_984,485.0,0.0,0.0,0.0,0.0,0.0,0.0,47,Gen X
U_985,0.0,0.0,0.0,0.0,0.0,0.0,143.0,25,Gen Z
U_986,231.0,0.0,0.0,0.0,0.0,0.0,0.0,27,Millennials
U_987,0.0,495.0,0.0,0.0,0.0,0.0,0.0,41,Gen X
U_988,0.0,0.0,0.0,404.0,0.0,0.0,0.0,18,Gen Z
U_989,0.0,0.0,0.0,0.0,0.0,0.0,166.0,35,Millennials
U_99,0.0,0.0,0.0,122.0,0.0,0.0,0.0,39,Millennials
U_990,0.0,0.0,0.0,0.0,0.0,395.0,0.0,48,Gen X
U_991,0.0,0.0,0.0,0.0,93.0,0.0,0.0,44,Gen X
U_992,0.0,0.0,0.0,368.0,0.0,0.0,0.0,33,Millennials
U_993,0.0,0.0,72.0,0.0,0.0,0.0,0.0,35,Millennials
U_994,0.0,0.0,144.0,0.0,0.0,0.0,0.0,28,Millennials
U_995,0.0,0.0,0.0,0.0,0.0,0.0,464.0,35,Millennials
U_996,0.0,0.0,479.0,0.0,0.0,0.0,0.0,21,Gen Z
U_997,0.0,499.0,0.0,0.0,0.0,0.0,0.0,27,Millennials
U_998,318.0,0.0,0.0,0.0,0.0,0.0,0.0,47,Gen X
U_999,0.0,0.0,0.0,0.0,0.0,305.0,0.0,21,Gen Z
